ID,Title,Description,Acceptance,Test_Method,Tools,Dev_Status,Review1_Status,Regression_Status,Files,Dependencies,Notes
ADM-0100,Admin 路由保护与 401 自动回登录,"前端统一处理 /admin/api 401：无 token/失效 token 自动清理并跳转 /admin/login；登录页支持 reason 提示，避免出现仅提示“加载失败”的死循环体验。","未登录访问任意 /admin 子页面会自动跳转登录并提示；token 失效时也会自动跳转；登录成功后可正常进入 /admin。","Frontend: `cd frontend && npm test && npm run typecheck`",none,DONE,DONE,TODO,"frontend/src/api/client.ts | frontend/src/auth/tokenStorage.ts | frontend/src/pages/LoginPage.tsx | frontend/src/app/App.tsx",none,"done_at:2026-02-15 evidence:frontend npm test+typecheck ok"
UI-0101,全站中文化与 AntD 中文 Locale,"设置 Ant Design 全局中文 locale（含空状态/分页/表格等默认文案）；修改 index.html 的 lang/title；清理后台残留英文展示，确保无乱码。","管理后台所有可见文案为中文（含 antd 默认文案）；`<html lang>` 为 zh-CN；页面标题为中文。","Frontend: `cd frontend && npm test && npm run typecheck`",none,DONE,DONE,TODO,"frontend/index.html | frontend/src/app/App.tsx | frontend/src/main.tsx",none,"done_at:2026-02-15 evidence:frontend npm test+typecheck ok"
JOB-0103,Jobs 页面可操作（重试/取消/DLQ/详情）,"修复 JobsPage 与后端字段不一致；新增 job detail 接口；前端支持按状态/类型筛选、刷新、行内重试/取消/移入死信，并可查看任务详情（payload/锁/错误）。","/admin/jobs 可加载并展示错误/引用信息；操作按钮可用且成功后自动刷新；可打开任务详情页/抽屉查看完整字段。","Backend: `.venv\\backend_verify\\Scripts\\python.exe -m pytest -q backend/tests` | Frontend: `cd frontend && npm test && npm run typecheck`",none,DONE,DONE,TODO,"backend/app/api/admin/jobs.py | backend/tests/test_admin_jobs_detail_and_actions.py | frontend/src/pages/JobsPage.tsx | frontend/src/pages/JobsPage.test.tsx",ADM-0100,"done_at:2026-02-15 evidence:pytest+vitest+typecheck ok"
PRX-0106,代理池管理页面（CRUD+成员配置）,"为现有 /admin/api/proxy-pools API 补齐前端页面：创建/编辑/启停代理池；为代理池配置节点成员（enabled/weight）；提供与 Bindings/Settings 的快捷入口形成闭环。","无需命令行即可在前端创建代理池并把节点加入；可在 Settings 设置 default_pool_id；Bindings 重算后可看到生效代理。","Frontend: `cd frontend && npm test && npm run typecheck`",none,DONE,DONE,TODO,"frontend/src/pages/ProxyPoolsPage.tsx | frontend/src/pages/ProxyPoolsPage.test.tsx | frontend/src/app/App.tsx | frontend/src/app/AdminLayout.tsx",UI-0101,"done_at:2026-02-15 evidence:frontend npm test+typecheck ok"
NAV-0102,主布局导航升级 + 版本信息展示,"AdminLayout 提供完整菜单入口（导入/图片/补全/任务/令牌/代理/代理池/绑定/设置/审计/随机调试），并在后台展示后端 /version（version/build_time/commit）用于确认部署版本。","所有管理功能可从菜单进入；后台能直接看到当前运行版本信息（commit/time/version）。","Frontend: `cd frontend && npm test && npm run typecheck`",none,DONE,DONE,TODO,"frontend/src/app/AdminLayout.tsx | frontend/src/pages/DashboardPage.tsx | frontend/src/pages/DashboardPage.test.tsx",PRX-0106,"done_at:2026-02-15 evidence:frontend npm test+typecheck ok"
HYD-0104,补全覆盖率统计 API + 前端展示,"新增后台统计接口（或扩展 summary）返回 images 元数据覆盖率/缺失字段数量（geometry/r18/ai/user/title/created_at/tags 等）；HydrationPage 展示统计并支持按缺失字段一键创建补全任务。","HydrationPage 展示缺失数量与覆盖率；可按缺失字段创建 backfill；可用于解释 random 的 NO_MATCH 并给出可操作指引。","Backend: `.venv\\backend_verify\\Scripts\\python.exe -m pytest -q backend/tests` | Frontend: `cd frontend && npm test && npm run typecheck`",none,DONE,DONE,TODO,"backend/app/api/admin/summary.py | backend/app/api/admin/router.py | backend/tests/test_admin_hydration_stats.py | frontend/src/pages/HydrationPage.tsx | frontend/src/pages/HydrationPage.test.tsx",NAV-0102,"done_at:2026-02-15 evidence:pytest+vitest+typecheck ok"
IMG-0105,图片管理增强（缺失过滤 + 单图手动补全）,"新增 admin images list API：支持按缺失字段筛选、分页、展示更多元数据；ImagesPage 使用 admin API 并提供“手动补全（illust/image）”动作，便于快速修复 NO_MATCH。","ImagesPage 可按缺失字段筛选并看到缺失原因；可对单张图发起手动补全并在 Jobs/Hydration 中可追踪。","Backend: `.venv\\backend_verify\\Scripts\\python.exe -m pytest -q backend/tests` | Frontend: `cd frontend && npm test && npm run typecheck`",none,DONE,DONE,TODO,"backend/app/api/admin/images.py | backend/app/api/admin/router.py | backend/tests/test_admin_images_list_filters.py | frontend/src/pages/ImagesPage.tsx | frontend/src/pages/ImagesPage.test.tsx",HYD-0104,"done_at:2026-02-15 evidence:pytest+vitest+typecheck ok"
DB-0108,图片热度字段预留（收藏/浏览/评论）,"为 images 表新增热度字段（bookmark_count/view_count/comment_count，nullable）；hydrate_metadata 从 Pixiv illust detail 持久化；公开 /images JSON 输出这些字段，为后续“更智能随机选择”做数据准备。","迁移后字段存在且不影响现有接口；补全后 /images JSON 可见对应数值；无敏感信息泄露。","Backend: `.venv\\backend_verify\\Scripts\\python.exe -m pytest -q backend/tests`",none,TODO,TODO,TODO,"backend/alembic/versions/* | backend/app/db/models/images.py | backend/app/jobs/handlers/hydrate_metadata.py | backend/app/api/public/images.py | backend/tests/test_hydrate_persists_popularity_fields.py",IMG-0105,none
REV-0109,全量 Review + 回归 smoke,"按用户闭环路径做一次端到端自测并记录证据：导入→图片→补全→jobs→random；补齐残留英文/易用性细节；批次末跑后端 pytest + 前端 test/typecheck，并将结果写入 review 文档。","`docs/reviews/REV-0109-admin-smoke.md` 记录通过项/风险/后续；回归命令实际运行并通过（或记录受限验收原因与风险）。","Backend: `.venv\\backend_verify\\Scripts\\python.exe -m pytest -q backend/tests` | Frontend: `cd frontend && npm test && npm run typecheck`",none,TODO,TODO,TODO,"docs/reviews/REV-0109-admin-smoke.md | issues/2026-02-15_03-17-36-admin-management-improvements.csv",DB-0108,none
